Question,Answer
What is a memecoin?,"A memecoin is internet culture turned into a tradable token. Some start as jokes, some become communities, and some unexpectedly explode in popularity."
What can I do on this platform?,"You can launch memecoins, trade tokens instantly, discover trending coins, and participate in community-driven projects."
Do I need coding knowledge?,"No. If you can name your token, upload a logo, and click launch — you’re ready."
How do token prices work?,"Prices automatically adjust based on buying and selling activity. More buying increases price, more selling decreases it."
What is liquidity?,Liquidity is the money pool that allows tokens to be traded instantly without needing a buyer or seller waiting.
What is a bonding curve?,A bonding curve is a formula that changes token price based on supply and demand. Early buyers usually get cheaper tokens.
Is launching a memecoin free?,"Launching is simple, but blockchains charge small gas/network fees for transactions."
Can I lose money trading memecoins?,Yes. Memecoins are highly volatile and risky. Only invest what you can afford to lose.
Who controls my tokens?,You do. Tokens stay in your wallet. The platform never holds your funds.
Do I need to create an account?,No. Just connect your crypto wallet and start trading.
Why do memecoins go viral?,"Memecoins often grow through memes, social media hype, influencers, and strong community culture."
Are memecoins safe?,"Smart contracts are transparent, but memecoins themselves are experimental and risky."
What happens after I launch a memecoin?,"Your token is deployed on-chain, liquidity is initialized, and trading begins immediately."
Can I edit or delete my memecoin later?,No. Blockchain tokens are permanent once deployed.
What wallet should I use?,Any wallet supported by the platform’s blockchain network will work.
What is gas fee?,Gas fees are small transaction costs paid to the blockchain network for processing transactions.
What is slippage?,Slippage is the difference between expected price and actual trade price due to rapid market changes.
Can I sell my tokens anytime?,"Yes. As long as liquidity exists, you can buy or sell anytime."
What makes a memecoin successful?,"Strong community, viral marketing, meme culture, and continuous engagement."
What does DYOR mean?,DYOR means 'Do Your Own Research' before investing or trading any token.
